path	50%_tile	95%_tile	100%_tile	mean
../data/images/4af6246d9f8d2406a1332091b1299834be6ef311.jpg	1.1151749999999998	3.2185924999999997	4.59818	1.1880955003571427
../data/images/0d8fbb814d0b6cecfaa0f4bb579963c7520d8efa.jpg	1.9366	4.929932499999998	5.86861	2.146298795977273
../data/images/3f7219765d83c53fb2d894ff2b398f0dbbeb0480.jpg	1.0887250000000002	4.1199095	6.43007	1.29624157703125
../data/images/52bac476adef57ddddadce314b8a2fe1b9180be2.jpg	1.178955	3.9148655000000003	6.16242	1.43019338
../data/images/480a448973bb45892afcb86ccd62298c64b35b9f.jpg	0.38448899999999997	2.8912114999999985	3.9422	0.71423589405
../data/images/7b4a8b3781b1ccdff0d1887e8e130879dc5037b6.jpg	1.026935	3.2327374999999976	5.4025	1.1940535441666669
../data/images/3f0a45754a46dcc11da386db9e260a5218949b84.jpg	0.30122	3.2734370000000004	5.24347	0.6544375717
../data/images/a52a7caa05d3f242f43332a6815c6fa1d5275730.jpg	1.0593	3.6697445	5.11164	1.3623566268181817
../data/images/f7278ddb678bc26f67d0346ab255358a48326d77.jpg	0.8570835	3.6149025000000012	4.46695	1.148245927107143
../data/images/2a61589ae2b63edb8287c18f7ae1f46a093d53d4.jpg	1.386595	3.1140719999999993	3.72725	1.5016111516666668
../data/images/6b816f857b3e04b558cf9e610288bcd8d9cbca0d.jpg	0.5158165	3.190384500000001	4.93167	0.7963342577
../data/images/a642f5973cad23287d3abe9217eedb558f69189c.jpg	0.9594735	3.384239999999998	4.48481	1.1330951397000002
../data/images/f4f35d42691d951cb1ce5529c0ba8a9a2dac8595.jpg	0.969198	3.6074925	6.13565	1.2275697778823529
../data/images/d01a478f1132726bf87e7bdb2980e8930ad79445.jpg	0.8582555000000001	2.722077	4.36956	0.9685519785312501
../data/images/47eb7541adee4928ee82e5727ab693a7b2dfca7c.jpg	0.8543195	3.0895495000000004	4.57609	1.1780202236666666
../data/images/32f49b98939e3a51ae07c53228a2479643cef59c.jpg	0.0404736	4.306435999999994	6.46719	0.8152715483181818
../data/images/5121735d27df0696e76f303d33a2dd99e8967d53.jpg	0.742961	2.9784390000000034	5.21239	0.9697492564375001
../data/images/3e5850fdc15ca634f125fcb9f6a70a9c2285d0ba.jpg	1.59402	3.1401049999999997	3.67042	1.6257958338375
../data/images/925cfdc6c31a3b12e55759dfaf90b3a5b19c3d77.jpg	0.8791089999999999	2.6539775000000003	3.30159	1.0949299165687498
../data/images/103992a446b33e43160457f5df5f73bdac4021ca.jpg	0.7484014999999999	2.978806999999999	5.75332	0.9177729766923078
../data/images/f15c6dd6fbfd1584d02c7923c4752e9982bf7a01.jpg	1.64753	4.141356999999999	5.57393	1.8137293414583335
../data/images/a9ff301c835400e1af6bf9be342b3b55669845e0.png	0.8710709999999999	3.2915479999999997	5.41406	0.9965193229999999
../data/images/f32e39fc29def06d8051d36c3b9daa25f04f9e05.jpg	1.211635	2.8714885000000003	3.48636	1.2088328148666665
../data/images/1de9387f9fa71977b4db97cf97374013b530dc55.jpg	1.4764650000000001	4.2447535	5.62276	1.4759160252727272
../data/images/3b477dda5236568778e91f3394df59aee2c8f22d.jpg	1.055035	3.110226499999999	3.96204	1.160212092
../data/images/0a71ca7107a4a9efd58a9ca065d5876dd778dd10.jpg	0.8606875	3.6834374999999993	4.46651	1.2266938097916666
../data/images/22f5f47c356b7cc6a6c340400ef95fbdb76cc218.jpg	0.4273625	2.7644634999999975	4.39161	0.6867794632249999
../data/images/05970ca56936c6ce3b3290497e81f6bc74ff0c15.jpg	1.268735	2.5301885000000004	3.74238	1.2897656615625
../data/images/3e6493b5685c46ca8b73a0594e4e5e9fdb214123.jpg	0.537264	3.166128	4.43983	0.8926356984411765
../data/images/97a28b2964b018fdbb3dd65d2983831367d6ffa0.jpg	0.509295	2.90696	4.07193	0.8867697119333333
../data/images/449a6ae061e9d0401f00b17a27bada5d785466fc.jpg	1.1338300000000001	2.9354634999999982	4.65489	1.1382156674615385
../data/images/276cc75b0f5eefbc9b77b6b4139ad6a08d40efc9.jpg	1.9929299999999999	4.362799999999999	5.64166	2.0976193669999996
../data/images/f859b88cf521f87cd981dbdb2e784923f7c477e4.jpg	-0.17617	3.4942150000000005	5.22788	0.48011481884375007
../data/images/00308e4ba812944f72ba2eade2d7cd0cdf1c11ca.jpg	-0.04031825	2.1193634999999977	2.93461	0.27025173745000003
../data/images/4d8c30cf735b73746f2dc4777ca947657260e684.jpg	1.04402	3.573135499999998	5.89193	1.2372595727875
../data/images/29c301e1848c5aff94d43ba6462beeb8a6848779.jpg	1.113015	3.088261999999999	4.86353	1.3010076161363635
../data/images/7554d27d5f23e1d64c52acf8320872a4ed7ba518.jpg	1.00431	2.9237365	4.01624	1.2259405265333334
../data/images/bbe27740d7356aceef8d2f72b4fa2b95f397b1ca.jpg	0.8212794999999999	2.8638135000000005	4.90756	0.8902921485133334
../data/images/c64d0c28ed7b3213aa82eb040094b59a46d0e09d.jpg	0.22410249999999998	2.5995855	4.41951	0.5695923863133333
../data/images/dd0982d79e80190f8fef95f65a4487b9eb8f103d.jpg	1.7235049999999998	3.8765225	4.30702	1.7192717131000002
../data/images/ebea57a0fbe799289bf37783c1ab61233fd27ee2.jpg	-0.0733547	3.212207999999993	5.59618	0.3763614421818182
../data/images/b1dd138cac5e7634535a829452f99e15127b7cbf.jpg	-0.07345204999999999	2.0368530000000002	2.71983	0.25149035560000005
../data/images/898fdc96cc836a3c6c5d3d178c600481f3c87c78.jpg	1.52227	4.043435500000001	6.19273	1.6579688021999996
../data/images/bc916e1344f1f6d20f3200f493b90799f86701ff.jpg	0.9606954999999999	3.901372499999997	4.84056	1.27905079831
../data/images/a0ecfbf59d725220b6806a2cb349426636fcdd3c.jpg	0.2053935	2.5972575	3.41559	0.5719429154705883
../data/images/1b2f69cc2944b237ce1e4abfab6bbff80fd028dc.jpg	0.40026649999999997	3.7633690000000035	6.11698	0.8360831669062501
../data/images/ff0d77327e3b40b1427835b1477941a9dbdcf366.jpg	0.5043115	3.195789000000003	6.14305	0.8178612979250001
../data/images/d51cee06bfd862689dfae69a505affb49610734a.jpg	-0.0677299	3.4940255000000007	5.34605	0.5283065817000001
../data/images/7c65bdea9dc8b9ea8730a1337853c25842d5737a.png	0.62747	3.1200330000000003	3.8861	0.5908682973333333
../data/images/dad84dc9e913a9b3ce07de5f1ce51e7f0c98d5b8.jpg	-0.02777675	2.902473	4.24304	0.5362288785333333
../data/images/f93440b35de35ffa9e93e1db44a6e9c83a375fbb.jpg	0.631667	3.1013269999999977	5.26721	0.8324334589275
../data/images/9295ee3dff9d669c880a3ba65ba2396dd7052b4e.jpg	1.0505499999999999	4.705929999999999	6.45785	1.35018495005
../data/images/28fbf9ffac47e7e1737cc2a431a8b33870e2f06e.jpg	0.14522849999999998	1.72462	2.7525	0.38935545745625
../data/images/04fae15b8be697b02f868b0af48dd1cedeaa2353.jpg	2.93709	4.288962000000001	6.0757	2.770607163733333
../data/images/03acbe2ec4d4137ba02d203c454cbc2e53ce17ae.jpg	0.193573	2.7770555	4.24011	0.5793929998807692
../data/images/647669812dd7144f234afed9a1e141703389b7d0.jpg	1.79764	3.707216500000001	4.78832	1.8651585168999998
../data/images/0a22b17fa26aa9370c5b146eb5a3ceb9f3ffab04.jpg	0.0966244	2.806841000000001	4.33852	0.5952043472666668
../data/images/e6a91c34c32cb1e399c27eac6ab03c5d1cd079a8.jpg	1.639815	3.696389499999997	5.55968	1.6613885525
../data/images/8162ab1d86510ae7b13701c9ca8d18c2b8cf9be6.jpg	1.1187749999999999	3.6975484999999972	4.74266	1.3874591126125
../data/images/5b63d04dff82b982175aecfb91b0f83afe6010e4.jpg	1.7652700000000001	3.337639499999999	4.84938	1.7631767895833332
../data/images/73248de92db851ff9a3257364fb829a8dddf8c32.jpg	0.357912	2.2284254999999997	3.07921	0.5940495756666667
../data/images/ee39e590eb9531d5c6ac03c9b6e1d2f7333d8290.jpg	0.8138974999999999	4.267807	5.6649	1.1773609054666667
../data/images/c46054c8315d9c365b3502457e41adda7ebeb9de.jpg	1.1602999999999999	3.5052680000000005	4.47524	1.4372474905666668
../data/images/1024f9617eab7e6aefc042efd3b92992445df5c1.jpg	0.35805149999999997	2.9933275	6.02682	0.6488637573033332
../data/images/6ae08e89ed475d6d7dafbce85fcbb60b0ce4c00c.jpg	1.12339	2.0176005	2.72191	1.069043223
../data/images/9a80ddc87e53660c52c5211bcfd4004a73652827.jpg	0.767102	3.5014720000000006	5.39319	1.1134858261
../data/images/9b6574a1aa2482c7ba1315a0a8d6d5c2fd8b772e.jpg	0.924777	3.3307324999999994	4.52015	1.0784265891
../data/images/0768fdc1d4e34c629572f608d0eda4816612efca.jpg	1.49126	3.4411704999999984	4.64128	1.47487349215
../data/images/f95eef377948751bfd3e85508ebd9a1395dca294.jpg	1.09812	3.956879	5.37765	1.2630413665833333
../data/images/c946ee4f3c1af24e502e2e4ff80d47487065f49a.jpg	1.613565	2.8838324999999982	3.85954	1.6296243
../data/images/1e68c0ef33c5ad081c701e875dbb932053bdf346.jpg	0.7407655	3.2604005000000007	4.48856	1.0313277150333335
../data/images/db224d4dddf6982e611e533b807eedf3c8d44bc5.jpg	1.471285	2.9335955	4.54172	1.4303936937666666
../data/images/cd5b1b1ea22f686de0bd8d749b8c1857bacf599d.jpg	-0.08438899999999999	2.4124174999999988	4.37627	0.26836973462499997
../data/images/5514d9619283f58820c4344a15f0b285107d58b1.jpg	1.526105	3.7009859999999986	5.12614	1.692264534083333
../data/images/bdbc462cc299272c688b493890a1e3c131e0878b.jpg	0.7127870000000001	3.0076784999999977	4.12511	0.87415673368
../data/images/1e274318b303462daad7856c1a6c01f923584836.jpg	0.971857	5.017218	5.93456	1.573940364277273
../data/images/0e92e3d5d788adb535ac52043d448b6e000e7667.jpg	0.8042595	3.1388680000000004	5.93673	1.0044012849333335
../data/images/582e7514873bd98b9d5ff3d508257816cf7cabc5.jpg	0.979087	3.2176844999999985	4.12411	1.2259087268181819
../data/images/360406bbff5980ac5626552e5fdaf589c26f63c3.jpg	1.3681649999999999	3.382053	5.27514	1.4335683667666665
../data/images/98dc43dffa8240ebdb7385b4d7b4f5c1893bb26d.jpg	0.6315824999999999	4.330747500000003	6.53773	1.0528200644666668
../data/images/b10f596718348ba7a64e65a0d87a4de2608ea59a.jpg	1.25092	3.3603820000000004	4.52407	1.3876936025666666
../data/images/b9fec1f9c14d05a33c418560ea9c266fd38b60be.jpg	1.465225	3.3934159999999935	5.38655	1.5700031862500001
../data/images/ec2ce0a20e26003c62f1a84ff76753d47d6a8cd1.jpg	1.01275	3.354736	4.52371	1.2559142524636364
../data/images/eae1dfb9c775fa699a24c7276753af07472ecb3c.jpg	0.46785849999999995	3.553515499999998	6.36731	0.8961336690600001
../data/images/64b3fe00237105e45ef0bb13b88fdb2ef3af5a3b.jpg	1.554315	3.017002	4.1933	1.4998684101
../data/images/55682bb7836f4cb64553fcc72691c9523035f08d.jpg	0.6216835	3.0347299999999984	4.66138	0.8694080509775
../data/images/59d1353d5a36b2371544087e356f7ba8f75bb223.jpg	0.909929	3.7422725	4.76225	1.1615646085666667
../data/images/cc613f7b53d9cbd9443a875571c66d08ebd3cb91.jpg	0.469381	3.344407000000005	5.64142	0.8953075768666665
../data/images/fe963fb2a2171306def8818309e91f34ff4b826c.jpg	1.0586449999999998	3.2024250000000003	4.7722	1.3103738783
../data/images/65dea6a3f9b1e85e79f9565339f54ce573e26a54.jpg	0.33901950000000003	3.309444500000001	6.01735	0.7944721931666667
../data/images/6498edce6dd95dd27662a49db5f29ae33e741d2d.jpg	0.878359	2.5715475	3.1869	0.9826849564333334
../data/images/70670a8fb54001071c594b657581df37c11dde19.jpg	0.26463000000000003	2.9082790000000007	5.01662	0.6436048715333332
../data/images/a7c5717d379a83bb8dae2b6d2f1e0b08c565903e.jpg	1.023315	3.2744979999999986	4.27171	1.166627298227273
../data/images/27258841979a382efd8a35cf6f39eccece5853b3.jpg	1.082135	3.680717000000001	4.49722	1.2756625897333334
../data/images/50cbbe77b7b8d4148dd4c42f9d34a54729488dbe.jpg	0.530975	3.858290000000001	5.83773	1.01063002348
../data/images/d671fb9b14f55e3ec81f80e557fc2b084915a741.jpg	0.38729800000000003	3.308732	5.04792	0.9062766092
../data/images/708cdce509b20ea441eceb01443d84a125f29d95.jpg	0.5243705	3.9336900000000004	5.52658	0.9822232588
../data/images/d3491557ecc6e122f1c28d5c401f092783be39ab.jpg	1.2928350000000002	3.92452	5.48865	1.750131887272727
../data/images/8028b78d547f9f2f7f72c91b799d53e5c68d31ad.jpg	1.101835	2.570551	3.18643	1.1018585416666666
../data/images/8612ec58829ec620f3f8a8690dd6d1e4a0f5612b.jpg	0.7020575	3.453613499999997	4.51764	0.9574228855
../data/images/48e93c8a656eefa6ea05ed8acc6f49f0525f03dc.jpg	0.464873	3.3732164999999967	5.76936	0.8456326941800001
../data/images/074a58be7c6d5bff1c96a443e520bf598534ac5e.jpg	0.787802	3.407213	4.64934	1.0844605407333332
../data/images/f20974de3fff7198a5edf8f1d212c8b8514943aa.jpg	1.1485949999999998	3.6866004999999973	5.20798	1.3073695258750002
../data/images/2dc9be0f895b4ba8a3acd0e9045f5ca568270850.jpg	-0.02495835	2.1011624999999996	2.97993	0.33781417529999996
../data/images/147e40821b10a46859a7a417b82274bcc60f84ae.jpg	0.9037575	2.3325774999999997	3.64364	0.9327116638799999
../data/images/bc2a2e13a5073cd60296375abcb12999c0851358.jpg	0.309925	2.5446354999999996	3.46641	0.574261794125
../data/images/397f91dcb2a484f40eb7cb665e634fa360b07c19.jpg	1.2999100000000001	2.447505	4.11799	1.3827725433333333
../data/images/7d864bb94e0b4b1ac20db2c00822e9b567e0bfa4.jpg	1.16566	2.681229000000001	3.55358	1.2443622811666668
../data/images/d2aedc223176f9c02f2ac401f7d1082438cf0da5.jpg	-0.148905	2.127928000000003	4.74153	0.21409477566666665
../data/images/f2c80d637cde2f992ac555cb1d476fdca132cff9.jpg	2.59971	4.228053	5.06237	2.50645068625
../data/images/71cb7ca32f8949e5eaecdee906d2459897bd11c9.jpg	1.348285	3.4776855	5.26982	1.4661221455666669
../data/images/fb2de3f064f9182cfe0fbd42837a6389c23958e7.jpg	1.1948949999999998	4.3972525000000005	6.12331	1.4799748927
../data/images/7cb326b28d2c5704aa375f10c1c41ce01e0d0a87.jpg	-0.039497050000000006	1.6197239999999993	2.67389	0.18716694170750003
../data/images/1982fda792db7295debbcea05a90582a3b2b6b9e.jpg	0.487499	1.6504029999999998	2.5557	0.5230752422333333
../data/images/94cf8597b669c3bfda6b9b6873f1e9c0a4cbc10c.jpg	1.070075	2.8315379999999992	4.17359	1.1200169383
../data/images/c97e90e60e69a2c91a65c57a441593c4bb41d693.jpg	1.1347749999999999	2.593450000000001	3.94199	1.1986106254333333
../data/images/d0e1814ab30b0c94e1d9df62d312c2e26dfde174.jpg	0.9441525	2.6572285	3.35487	1.0607074702083332
../data/images/66a018ea6ae7cbafff9252673d63db384e84414e.jpg	1.127605	3.3142895	4.66761	1.2471942672666667
../data/images/f77b6979777060c120164549b4572d737a2e85a5.jpg	0.987305	2.2194720000000006	2.97018	0.9644385205666667
../data/images/a286e9abc61d8afc837222f75b55663a22f09c1f.jpg	0.9081195	3.3718464999999997	4.86909	1.1185757879545455
../data/images/1d1713308472481b3a9da9b3a6de6de509aa38d0.jpg	1.22872	2.658971	4.15413	1.26503714121875
../data/images/e7f9773afdcc130e34ead75fb2f22017c2e6f55f.jpg	0.7303005	2.9795085	4.65924	0.9999154100000001
../data/images/50e513590d52bcc7d71f92b6f74d00fd22a58cf1.png	0.992804	3.3848115	4.58901	1.1752399308124999
../data/images/bb58e44c388b6e176c76ad202d81cdd6a7d271b3.jpg	0.7051435	2.678354	4.05351	0.8117589660000001
../data/images/31cbbf7c2598a75bed16f91c47fa05de0aa2474c.jpg	0.652217	2.5149475000000003	4.11748	0.8324673595566667
../data/images/b80555d58fd4db31b33cc72ef1cf12cd5e5bfe35.jpg	1.29507	3.3233004999999998	5.12826	1.4308956319333332
../data/images/6fcd872e62e7b1076e39d1d2c5ea3ca451d311c0.jpg	0.6636995	3.4878054999999994	5.00824	0.882205898475
../data/images/5e2e0bd084a58856e8e5e8c6894a95b7893bba4d.jpg	0.7407414999999999	2.2781165	2.69489	0.8033063852272727
../data/images/8eeea02093f41999de178e9187643827eeec0ec2.jpg	-0.08285129999999999	0.8881939999999999	1.48704	-0.002415282562499996
../data/images/48fdcf265ab2c6ded4e0986fbd5d7a6592b4f37d.jpg	0.770526	3.3303625000000006	5.20164	0.9932690061333334
../data/images/465eca511c5eabfcab9eae7548b958cfbbb6b68e.jpg	2.55132	8.0911425	9.68199	2.8568103779166663
../data/images/ab96bf144eb5454bfe6199779c15b8013a331d0d.jpg	1.62606	3.9936814999999974	5.12773	1.7337904600000003
../data/images/2d513467e194add8ac130f70e0c4eb79e8250a67.jpg	1.45228	4.1022165	4.9899	1.5266083542
../data/images/e3052f8d975afa98e7502501b947d343f6650070.jpg	0.8574885	2.7482930000000003	3.32099	0.9845855291764705
../data/images/a0b9c45750a835cc857d944d99ad0527b78e59e8.jpg	1.1122049999999999	2.8234090000000003	4.16751	1.17514448875
../data/images/d2b29f0008eb715e7110b5fb023e822c97615b36.jpg	1.0465200000000001	3.518510499999999	5.55525	1.318839773
../data/images/583420f533bd2d1bf4b07ea7b062057006dcaead.jpg	1.61998	3.2144045	3.90762	1.6074805634545453
../data/images/be1b80c9718365f9029aff6b43999023f0a568a9.jpg	0.165877	2.3052805000000007	3.70159	0.46636652486933333
../data/images/1b99c45ec4b4a3f8517b8ca679e20991b8d0a3bc.png	1.293705	4.0761615	5.94288	1.4366345043000002
../data/images/0bcd27c365146db847d5fd5757a113a2bfa7d12f.jpg	0.4625405	2.962259499999999	3.63799	0.7271995161363637
../data/images/46a9ffd92efa58a7bec401c8b92bfc6cf99bc991.jpg	2.01899	4.018000499999999	4.65106	2.073437925
../data/images/39299729e737ec6106888848736791437b08a515.jpg	0.0373867	4.112174	5.51309	0.7109461541
../data/images/e7cb64cbab247d2bc12385d4c2b6dba5be9fb4cf.jpg	0.828255	3.5699075000000002	4.67863	1.1695097137666668
../data/images/578341d632bcdb3b4cbcb2e392bb8e4494c93469.jpg	0.6464650000000001	2.710023499999999	4.0981	0.806287610125
../data/images/cd342617df93946e640aeff02bca4df67e3a3c32.jpg	1.4013550000000001	3.9793214999999993	5.76551	1.5673078745541666
../data/images/3c5fb4c8001de71ef3ac0e1f26c34104346ea987.jpg	1.37135	4.6603105000000005	6.04386	1.6432205489
../data/images/5210f31a1b68ec789832616a8fa814973ed6e866.png	0.738877	2.6387585	3.96241	0.8347505608281249
../data/images/653a1204ccf75bd7e926113db6f6f96c2b940a4c.jpg	0.590509	2.8343829999999994	4.14687	0.7709985431818182
../data/images/88027546dc1934d4506c36dd4793fb411560526a.jpg	0.0375433	3.474612	4.86631	0.6515518616666666
../data/images/30617549f472d129ae2bca27acbeebd785a32907.jpg	1.371335	3.3619695	4.2765	1.51565310875
../data/images/32c92a86fdd444fdbc7be1f2455540d48e344800.jpg	1.26791	3.4611184999999987	4.45247	1.4122397915384615
../data/images/18d29d9e18cdccc72918af63687dcae1e6c93457.jpg	0.676455	2.7433434999999924	4.52927	0.8139717695
../data/images/97ea09590f384ae2c3c2d70e118e61476f2639d5.jpg	1.301905	3.043797	4.91528	1.2351865888833333
../data/images/c32e2946265c3406b2e267244ac369e78e334959.jpg	1.519505	3.4356545	5.47936	1.5668657025000001
../data/images/f8f4a5121b1086e9b389cbf9b69b74113545b8ab.jpg	1.023775	3.7776965000000002	5.606	1.2890875086
../data/images/0d86c419d6a14d8e0c60bc893abb42dec9e717d4.jpg	0.7264094999999999	3.632599	4.40685	1.12202675775
../data/images/d0ac4830fc8ee40b0ab8a38c45105ba6cc3147df.jpg	0.9719234999999999	3.6767285000000007	5.26476	1.3175871346666665
../data/images/da432d576b8b4dc73aeaea3c649ca29472450a01.jpg	1.18922	3.6418190000000004	5.22151	1.2836649868
../data/images/75e7caf9332ccc6c6bb785bd6b792b93c61ca04c.jpg	0.285807	3.0142945	3.80708	0.6568696923
../data/images/d97def71e8dd1ab2e68d67721013b3b5034c30cf.jpg	0.49495449999999996	3.6340764999999955	5.51105	0.9420970655249999
../data/images/512d36ba904b0ca1aef12a84367b806131c54bb4.jpg	1.0506950000000002	3.4051185	5.01248	1.0982142412250002
../data/images/c8022ce037717d0630d3efd8773d1105b020a6d7.jpg	1.09497	3.2492825000000014	4.90336	1.30534987258
../data/images/b3a343799df548d1488675ec9590bcf79f911c2d.jpg	1.070975	4.729799500000004	6.73616	1.4582816092
../data/images/0ea5fd1a529ccbebbef33707563458a913b0d332.jpg	0.2623265	2.167126	3.09799	0.5515446766333334
../data/images/a5a40036b5c1c13c698e4dbc2c06b177a6c6ac58.jpg	-0.194042	3.129576000000002	5.65942	0.2868541284666667
../data/images/6606337c04c1803d7f43926b348f72a72c9ac6fd.jpg	0.8108664999999999	1.991779500000001	3.30141	0.7522345869333332
../data/images/00410f988209c47103ab4cd1b0f8bc30c0b538dc.jpg	0.59343	2.7435080000000003	3.37196	0.8562087419666666
../data/images/732cd853a1603a7228390e167d17ba675893b03b.jpg	1.21388	3.180520000000003	4.8113	1.3616327314333334
../data/images/240db6fdc48f3d23bb35bf2b11866d69ee0505d0.jpg	1.11815	3.714121	5.03753	1.3635983684675
../data/images/15250cea95b044a5ca08229c3579d7cdfc464abd.jpg	1.706975	4.405336499999999	5.52372	1.9171726483
../data/images/1bafbb5cce4ff4e7ef8e2dc8e13bc9279d4898f3.jpg	0.5866295	2.5957649999999997	3.54648	0.5752725175
../data/images/243fb686082706a98fd51296c1042bf670514011.jpg	0.7528815	3.166884499999999	4.20324	1.0048188959250002
../data/images/eee79c6b1809e0352b6a5ed94384b5ee2f04e560.jpg	1.63766	5.1038185	7.38005	1.7391995277999999
../data/images/6de89107942cfa5b0477439f94476b86e33c1163.jpg	0.008002490000000001	2.170087499999999	3.725	0.3740577049583333
../data/images/16c208e4da0c32e998324f192beb47f8c6c52ddc.jpg	1.135735	2.0579225000000005	2.62044	1.1049331735333334
../data/images/62f2c77edcf8da3f2ef770bf32edc6b428f6fdaa.jpg	0.7969135	2.8792095000000013	4.59282	0.9405339941785714
../data/images/aa2b937ee838052df0af3743975545481c79fddf.jpg	1.0576249999999998	2.8798354999999978	4.39098	1.0731974337916668
../data/images/53a8d82c926848566d01d39dc38fc00f6c393b4a.jpg	0.219489	3.0834	5.19584	0.6563068458
../data/images/eeb9fd2a38b600ceae5af7c83ab34bd33180e940.jpg	0.814415	3.4735979999999995	5.40936	1.067936255375
../data/images/3a76eff59a1fbd60b165f4a55cf07ac03e131fca.jpg	0.5188865	3.573651	4.63417	0.9409665714666666
../data/images/2e56b06bf2a35b609d5db2930aa8b42a1751282c.jpg	0.5595535	2.2857475000000007	3.19563	0.7046123708666667
../data/images/af769981f27ab6bc502371db38cc426b7728f311.jpg	0.827574	4.0496490000000005	5.53823	1.0560877900666665
../data/images/1953f364c42501f34ed62d932556bb1413719011.jpg	1.150375	3.1980949999999995	4.25561	1.30179051787
../data/images/cc1c8aa727bad2410b4c568e19e0a8c42a379069.jpg	0.296759	2.0051075	2.7176	0.51896873035
../data/images/347cc50644d5ca40a5e53fc2c8840b6bfd3917e4.jpg	1.4641250000000001	3.478952	4.75478	1.478185876425
../data/images/b354dcc8b9e03b3dd85c91489fdd7024b99b90e0.jpg	1.1374149999999998	2.336294	2.57601	1.0793670820454546
../data/images/a5ad1594a87fd9d37f5270f0bc734e4fb3b5fdda.jpg	1.595675	3.907015499999998	4.74287	1.756567485909091
../data/images/afd45efe258c630c963009381992e60370b73efe.jpg	1.659075	3.6783255	5.39841	1.7119923254473683
../data/images/62ff0a93651a11be48115c6e66a75b0bac25deea.jpg	0.650357	4.072099999999999	4.92983	1.0202564977272726
../data/images/ad0c8e7a3b7cb27922fce25d6a374060a65cb75a.jpg	0.9156005	2.859182000000001	4.77142	1.04903025742
../data/images/b05899717513596b5214c2ba193a1e3b3ddcce7a.jpg	0.808602	3.1661449999999998	6.71673	1.03447595634375
../data/images/1147d8de20f99b4f042befe25e12d8098362f38f.jpg	0.7852215	3.7684644999999994	5.1746	1.169874540440909
../data/images/b9651e134621079ea33d5efa987ac350c2f56e41.jpg	1.41424	2.4034655000000007	2.79372	1.325531215
../data/images/4a173fc433b7456824c1ac78384605c57abfd07c.jpg	0.999486	3.110208999999998	4.60981	1.1264580438
../data/images/70dce92c43c0b7fd66a3a4d91991b9bb4c29fa51.jpg	0.303575	2.496015499999999	3.4043	0.6186380066
../data/images/7ce89b3524bae70af7929184904224a25d36f05b.jpg	1.94719	4.234617499999999	6.09282	1.9437125019545454
../data/images/6a108ec66f27c3a1610e010dd87ba15d8a6b5d24.jpg	0.7948765	2.6095194999999998	3.4455	1.0314963935333332
../data/images/eea5afddf2e4472e9786b517f283d22662f7955f.jpg	1.7160350000000002	4.1500105	5.03813	1.7863779245454545
../data/images/a698431dde2cfd7dfdcf076d9d4c15eb3879baaa.jpg	1.9299149999999998	4.3866095000000005	5.20968	1.9496411041333332
../data/images/8448cd68e01b2b18488503be9529dbcb7fb3bc43.jpg	1.736385	4.794702499999999	6.3511	1.9696711595833334
../data/images/16ab446d90063871c01686650fbccf6826efae97.jpg	1.50048	4.600906000000001	5.50339	1.8603186342666662
../data/images/4893c93e74036f2ce3cc89eae67309d8819372c2.jpg	0.761112	4.4027665	5.34547	1.2757789668633335
../data/images/dd3a188a420b9d0b4ed930a0e2dfe1832cdf9d11.jpg	0.279377	3.75576	5.30752	0.736023839275
../data/images/6972195e3a4e3b67b5df0e743ecc4970dfa0c584.jpg	0.659933	2.6584635000000016	5.05829	0.86025046911875
../data/images/7c896c6f6ff7389fbc968190e103f9e3c28ce191.jpg	1.3768150000000001	3.7859500000000006	4.94748	1.6132840234999999
../data/images/bc70af348eb1165dab5790a3197a356f78993459.jpg	1.23008	3.5966959999999983	5.25093	1.3691654341818178
../data/images/4c0e7d4dd42b0f989530df66e96a8c3817c8a58f.jpg	1.13988	3.1136160000000004	3.7969	1.1950167495666666
../data/images/cab05a407a9085d6b8c632744a80509668954b12.jpg	0.371584	4.965011999999999	6.50166	1.0056871120454547
../data/images/ef7c79488c4ed1702bf46a4ccf6c83d377b908ef.jpg	1.5349650000000001	3.6163945000000006	4.71352	1.625529672
../data/images/6c250874ec10734ca46b3289c1339bce2bfc8dff.jpg	0.344796	4.450165499999996	6.10619	0.91741384185
../data/images/1b4a555d7b88a075a72c3513f6c7c4892239554b.jpg	1.44258	3.997819999999997	6.83145	1.5565975389
../data/images/034ff47d564dd1438250b79f37cc83d96e025a87.jpg	1.30069	3.859694999999996	5.27975	1.4946834736666668
../data/images/e11c8630d6c05a12f2f16d2142d2dfe9aa54cf30.jpg	0.9273625	3.3276330000000005	4.49834	1.05781891725
../data/images/78d68548550c9206cc9d00c512d74b58d2fdb4db.jpg	0.437183	4.381021999999999	5.84563	1.122612642075
../data/images/9099dbb1e19e708b0a7baba2cf65d30f9c198b7d.jpg	1.06067	3.8975199999999988	5.58177	1.23147867345
../data/images/de7f442102d48740090d1601530a70c8e958b27c.jpg	1.666305	3.324143000000001	5.33827	1.3997418556333334
../data/images/dafff3a2962d507959c811e82b69f82d76bc5955.jpg	0.41759	3.301001500000001	4.76146	0.6874171158000001
../data/images/76f37d1eafbb0685d0426e20291e07e909ede8f5.jpg	0.477711	2.5856365000000006	3.73047	0.701286672257
../data/images/159e7cee8dd39c63cbc72469f030388a9bb74f1f.jpg	0.1726225	2.9519354999999967	4.98762	0.626544818325
../data/images/35960db7225cee1700c5fcc59d661c764381e057.jpg	1.19745	2.9129435000000004	3.18642	1.1731414021666666
../data/images/f7ff61ebaf7b8a8ab492a3647d89d8021132d2e5.jpg	0.343725	4.319865500000003	5.90636	0.9241510124666664
../data/images/70466796aa0c5b0ba4fa01956740d99d9d352689.jpg	0.5325120000000001	3.594687	5.48534	0.9044061349
../data/images/4a9565cf0b15c0eb27941a5bc590f708ab88f247.jpg	0.5346735	2.5351059999999994	3.54241	0.6566589895454545
../data/images/368204825134b05bc3efd628377ea3accc2701c7.jpg	1.90964	4.1300944999999984	5.48505	2.0299557954545455
../data/images/1b9cfc129bd3faeaae231d1b851a5e5dc7944b9e.jpg	1.8267950000000002	3.953441999999999	5.14339	1.9316664449999998
../data/images/049d83699ee4ecdbc9fbe3dfdbb21d0bc245eb7c.jpg	1.2002950000000001	3.453353	5.04372	1.23496933791
../data/images/1967915891be59b2162e92f32e7e776d74a5032e.jpg	1.14073	3.9634549999999984	5.5065	1.4403968209375002
../data/images/2068a27eafd1445fb11be36e145d0c035a341070.jpg	0.7504815	3.7482159999999958	5.54549	1.1589898550000002
../data/images/2f43a8437f09b4f78f9a68a02d9d100ac85fae1a.jpg	1.0677400000000001	2.8630274999999994	4.17198	1.0639581836363636
../data/images/9510e930014cc1b598004894d25dbc3efc4ef808.jpg	2.1488050000000003	5.010075999999999	6.38633	2.369905725
../data/images/913423cdfb3f80df9a516255832fb6bed7c2ac0c.jpg	0.713003	3.8386365000000042	6.44541	1.0410149954333334
../data/images/1c8bc99648808dc514441e917521c85e9601be0e.jpg	0.17078949999999998	3.5115370000000006	6.02034	0.8095841368729412
../data/images/11ba345a18f1a2fe117bebea6cb583189fe8a3b7.jpg	0.1488665	1.7030325000000002	2.69266	0.352419130382353
../data/images/ce8215520e9de38a9bb2e49efe733cc4151cb45a.jpg	0.3230775	2.0020579999999972	3.05431	0.5192304131400001
../data/images/b9bfd489d6097bb91da647372e306cd5566ed01b.jpg	1.63212	2.9189494999999996	3.47852	1.6462407318181818
../data/images/a7fca5806ecabb4a7d9acc014c7907d9ecd74ad9.jpg	0.19288	2.358769500000001	4.18329	0.4863425185
../data/images/a21cf88deec2bc708e728860af329f1ce57793c6.jpg	1.05237	4.388393499999999	5.97173	1.4744779840000002
../data/images/2c44d53f45ad65c721aa422f22ccb6ef51304806.jpg	0.7335105	3.9277450000000034	6.41345	1.1096425285226668
../data/images/20024eaf34131bdede06790a1237b7687a8b18f1.jpg	1.07788	3.3486520000000004	6.09711	1.2872558096
../data/images/88fb2a0a024388091738e01542f441a3a097b5b7.jpg	1.33861	3.5392175000000003	4.3502	1.4061517886666666
../data/images/6e61765ca0a29bb26f9d6938895f5a933c90d413.jpg	0.13841900000000001	4.375656000000001	6.57972	0.8311029763571428
../data/images/59b690efdf17f753be943822b21b729ca9c9ecc0.jpg	0.4970375	2.558329499999998	3.43583	0.7234519871749999
../data/images/479be6316547e6a4b06527ef720558b6f4ab798d.jpg	-0.09869539999999999	3.2267824999999974	4.69827	0.5458975500750001
../data/images/a2c367fe7e0cda70ac9a7a948827f2c8a96af88d.jpg	0.7185245	2.587153999999996	3.54182	0.9131741109999999
../data/images/abf37fb47ba7d1b908b86e82327759dd89913112.jpg	1.038945	3.5051610000000015	6.19585	1.3123976667333332
../data/images/8dcede9fc6bc6d1d41eeaf1aaec80075e25bec22.jpg	0.992847	3.1827499999999977	3.98739	1.2056952560458332
../data/images/0a07aefa9575a067f3e4abc77d53d4f9f11b29c4.jpg	0.9887170000000001	2.866718	4.22362	1.1021781625666667
../data/images/2b42820ef0365a0c99d360429c2cba7aae77d5c2.jpg	-0.084673	2.993331999999999	6.61397	0.48460438482499996
../data/images/6fc2ac655e2e05e5373b1a3a0b4716b4f844461a.jpg	0.489127	3.0774269999999992	4.39144	0.85188425175
../data/images/c7f3f052ace967c17fc752cee845d60520c9d533.jpg	2.254415	3.701391	5.15047	2.2680385733333335
../data/images/5d129e62e888f203cb69fc15308c7bb11b4380d9.jpg	1.1608200000000002	2.7960194999999994	3.32415	1.2477735154545453
../data/images/3acc720835a1c93dfd975fe44a745a55384ef344.jpg	1.0333	3.517624999999997	4.59489	1.2913909566818182
../data/images/f2439264ffa67139236212cc78d75022677e86d0.jpg	1.38948	4.289935999999999	5.54275	1.5694131173181818
../data/images/7a3be059bd57463008d85a9390d0789bc8c07c15.jpg	1.5842649999999998	3.898664	5.53704	1.7018651766923079
../data/images/b8f974c18934c994e2159c07748fa6e0d334b90c.jpg	0.954376	3.055662	3.89311	1.1170460178
../data/images/b78135e2c98989ccb1af03da3cfdf88a5a1e2d3c.jpg	1.57517	4.382738000000001	5.38399	1.8641616568333332
../data/images/cbbc2de0d1902a543fb8e7dcf73211e6927ca659.jpg	1.398745	2.9531459999999994	3.91385	1.3755932328950002
../data/images/febb4ead372538dc6bb6d04e2719de90136d3369.jpg	0.82152	3.3703264999999987	4.00059	1.2022429918333335
../data/images/7793570968debdd9ce712da61aaf510542fba5d0.jpg	0.353252	2.9100610000000002	4.67618	0.6620405072
../data/images/9cd7c7601d674a0c0e097e06083e4b83ebb5a8f2.jpg	1.152165	3.5336104999999995	4.67572	1.4355091286363637
../data/images/9666856ced5ef736626a3845e829f731b8535d10.jpg	1.5066899999999999	3.180016	3.99149	1.6283854979333334
../data/images/88d6517acab1d4974c8e656a4498c53e8ee66621.jpg	0.444696	4.569541000000001	6.18671	1.0667745329333334
../data/images/ea2a214834139f403dfdbe6b86b9838bb2828abe.jpg	1.222515	2.9453579999999997	3.85306	1.157152599975
../data/images/ef000af7e3f89091ce3ff197ff776a60ae55d597.jpg	1.81346	3.4867895	4.22576	1.6674075795333334
../data/images/2d40c1573e8151a99cffd9427e374f9a6102dceb.jpg	0.7653775	2.357218	3.24381	0.871255526575
../data/images/51ded4ef53bfe97b2f6eb546b3bd74693ba73157.jpg	0.751034	2.958793	4.07935	0.9914052939999999
../data/images/a709e4f907fc138c7e14e6017f5f070be719b670.jpg	1.063475	3.774589999999997	4.92307	1.1760090859999999
../data/images/77101ba9d8b80f3f52fbf5fb73cee22a46c1b221.jpg	1.1558	3.598282	5.33814	1.3710371827933334
../data/images/ef1f895c88f0caa1e1415c551782fe91c3a07c71.jpg	1.08615	4.2069355	6.92585	1.3408317293333332
../data/images/8327ae4119b99f13dbf7bf2efe3565a71224c6e8.jpg	2.022105	4.913286499999999	6.53027	2.215105571
../data/images/ee38c17d967b361d7dea70896a98be5e4a9abfdd.jpg	1.674325	3.9136909999999996	4.27134	1.9148480190454542
../data/images/08acc30755717a5d6c3d9cbca78b4d3902557d2e.jpg	1.588025	3.6044849999999995	4.87634	1.6502869416833335
../data/images/cb79870a724bab2d4e8da5539607b537892f7a4e.jpg	0.9999685	3.3661894999999995	5.53011	1.160604495472222
../data/images/a14060f1689e2f04c83d8df1fa6c4942e2672ef0.jpg	0.8378835	3.068417000000001	4.62836	1.0085196058750001
../data/images/d9bcfc0435f571624265691b064beea4b48dd526.jpg	1.61808	3.0071395000000005	4.44091	1.623189632478125
../data/images/08d7593b145261dd50b62cd8c5627dbc63951150.jpg	1.87605	4.345051500000001	6.41414	2.1031581453333335
../data/images/66d1caaf842cfa611dc7a86982b053be9171dd26.jpg	1.471375	3.940270000000001	5.78631	1.6962670979999999
../data/images/c12407ee20b8d0e9d39aadf44e6e9faff6a140ae.jpg	0.655484	4.0632280000000005	5.50032	1.0744988919
../data/images/0349f7d9039b76fb785c6612ea26b256dc8d05f4.jpg	-0.1389445	3.2382050000000007	5.85942	0.56476657690625
../data/images/f44f5c6824285a59ed79aa9ed20f863c3993f68f.jpg	1.25878	3.09827	4.70279	1.3128358986000002
../data/images/203a12427bbdaec4748317f5b927e5e4ceed1e3e.jpg	0.7210675	4.013591500000001	5.96135	1.1490478493333334
../data/images/4ddc59b58e698f364f5ed650ba1d5d319fa04f70.jpg	2.009375	4.028647499999999	5.65552	1.9800467905416668
../data/images/6b5116859b035d8b24b4d86ef3419aef3a3cd481.jpg	0.278959	1.8900025000000005	3.63703	0.45928932496875
../data/images/f6071df64fd214c4f658ed1d94bbfe30bd32932d.jpg	0.5300605	2.971666	4.01004	0.7911257609964285
../data/images/ee47df6555120cbdde435770c25744466b1aae9e.jpg	2.3818200000000003	3.7467584999999994	4.83635	2.275233903846154
../data/images/79c1f2c07800f54743325d76ced663a1b7b2a590.jpg	1.65509	3.4089534999999986	4.48622	1.632400285
../data/images/623b552e15127efcadf41d830b29d5e4e7eff0a7.jpg	0.872504	2.8189484999999994	3.38464	1.0140962527916666
../data/images/f29c759f2e97b437cd83f68ecb04a01f9e835bbe.jpg	1.01275	3.354736	4.52371	1.2559142524636364
../data/images/98fa48b500350d94d2b5df19370a6fd9c3b22d64.jpg	1.498035	4.073743500000001	5.59987	1.7370837613666668
../data/images/81ab991f8dbc0560f4e6c28fd1f7a9f3516aaf76.jpg	0.6265195	4.875143	6.34103	1.2657419902916667
../data/images/b25431b6f21dfce67e7ecd50e45a2de6d2ba7209.jpg	0.767857	2.2324595000000005	5.17537	0.8820920324
../data/images/5408ff0f441f1c209eefe960f2461be33ac95e5f.jpg	1.96682	4.000104000000003	5.63797	2.0473648733333336
../data/images/3271944e5c424bb36a5ceed5f33cd554b2a15eb2.jpg	1.67596	3.2493535000000007	3.95542	1.6181634342
../data/images/85c71430bd75c8b1db8efb6f3e2285c7f63bedd4.jpg	1.5985999999999998	3.9398965	5.04252	1.5629476539062501
../data/images/70e4237d4cd3fe68b5a9ef82d91cbc2e6616c8ef.jpg	0.4625	1.5020060000000006	2.32433	0.5233338325333333
../data/images/d7a28f46e906d77dbec9d28a1d9ca5d12b126602.jpg	1.727835	3.386912	4.21398	1.7120013946666666
../data/images/5218fe8c32f444c30d5682ef09bc9f7acae70cdd.jpg	1.608985	3.9636075000000006	5.92168	1.8050914836333334
../data/images/87b5a560ab739f86e2561eb84d703ecdec905fad.jpg	0.980144	3.1791134999999953	5.3486	1.189853833181818
../data/images/791b19bdd09febb682df98d9568c961fa99c81e7.jpg	1.070355	3.9532134999999964	6.04435	1.3304829170416665
../data/images/cb700636df0046e7574277365e69ac8c0b685225.jpg	1.1293449999999998	2.486994999999999	3.75238	1.0584446882727272
../data/images/84640a9c7e3ae12ca7bb44de21257e1f796532ce.jpg	0.6041034999999999	1.9221129999999964	3.34272	0.735168716875
../data/images/bd037120cae8292b39e9796dc6fdbefc6ee1a42e.jpg	0.386747	2.1900749999999993	3.26953	0.6002617443958334
../data/images/e63161e9176ab3f61bc94f5e6ea5da71469bbf83.jpg	0.8799435	2.8436155	4.8291	1.062329964877778
../data/images/3a56971c5e9a9fc844071a91dec6e5340908863d.jpg	1.03395	3.190737	4.40324	1.2010457011666666
../data/images/39d62ddad2b646a506681916b7c673a2ac2a7628.jpg	0.927435	2.806465499999998	3.98433	0.985849869525
../data/images/c51d08061695412ad1a5cc830ad19e8e9873c602.jpg	1.737085	4.123685499999998	4.98309	1.6744812168181822
../data/images/864cd503d1c8d5f68625c3f616f96bfcea73d5f2.jpg	0.582525	2.183616	2.97164	0.7110057901363637
../data/images/c2af50803a3d7032425b8e566f716aa304b13629.jpg	0.434241	3.4025059999999945	4.43149	0.9162065316249999
../data/images/df686f9bdd04323b672034778ff6a6d7d0dadbe2.jpg	0.7187275	2.222488499999999	3.34151	0.7584274847499999
../data/images/d1dd6e0f1a761aa7be1765e71615f39476f2d4d0.jpg	0.207041	3.463784	4.20432	0.6969650559333334
../data/images/1ac88cabbfac828df348781be2fcb672989a3cc4.jpg	1.4596399999999998	3.9620319999999993	5.23474	1.5466903141500001
../data/images/0ed08d868997fcb792cde641ac5be9a3d6775821.jpg	1.056975	2.9668185000000005	5.27256	1.2332789101666666
../data/images/65bf5e12bdd6e98ec1bc3d875bbc5a7630e32b56.jpg	0.17041849999999997	2.4036104999999988	3.8131	0.41673829878771995
../data/images/d9c77319fc69ffcb4107d19e2ec914b2b9f89022.jpg	0.4138425	2.990130499999996	4.76435	0.6868929866375
../data/images/66a57a3a940a3eb1ebb306feb856a375c025ae27.jpg	0.8196945	2.253055	2.98985	0.8927306425909091
../data/images/10dd44a03417fdec77f2b9b6ba27145aa15ab455.jpg	1.97627	4.1379589999999995	4.54514	2.0330938376666667
../data/images/0f7df32887444ab310240a3b7a1b50276c910051.jpg	1.10656	2.8499340000000015	4.79346	1.1611240989933334
../data/images/d7f4b092a9895839743aa91eba3cf9c1c789a884.jpg	1.100075	3.3684019999999997	3.86311	1.3098082292583333
../data/images/20be1b6018809d52e36c427c603db02b6ae1d80a.jpg	0.8411314999999999	3.2682105000000017	5.18741	1.0689052808666668
../data/images/7dcff8b8af8c684e4205d10866c0f165686a2b40.jpg	-0.0401901	2.8201779999999985	5.51245	0.49511586475499997
../data/images/147fe61bb1cc954f66c08451793bb4cbc1dddce4.jpg	1.5821	3.4213744999999998	4.4249	1.7101420690909093
../data/images/48e2bdf59b36dba678f4619d1a8fb71ac002be56.jpg	2.18414	4.4107590000000005	5.62355	2.2908598170718752
../data/images/386ac9b8208b4afb73fc8083e97cc2984ec1818f.jpg	2.67645	4.929132500000001	5.98228	2.7772520226666666
../data/images/e8535fb18c9496b62c777cf28183ed1a9d633c7b.jpg	1.628155	3.968935999999997	5.19403	1.6869979895416667
../data/images/a9fe48a000569de54745913b38030b783e6b3f78.jpg	0.67214	3.954922	5.11743	1.076471733090909
../data/images/a2e425ff1263be25a0f53c1f372a818af0811e95.jpg	1.04515	3.0833965	5.435	1.2288696506538461
../data/images/5909039d96345fef7699676701c9a7610fedcaa3.jpg	0.5746260000000001	2.1287704999999995	3.08149	0.7072898289999999
../data/images/1a58c9e13cee1376550f6ac2dc2cbfb9cd5f7003.jpg	1.18845	2.8209299999999975	3.77518	1.2258740139863635
../data/images/37341f7b5d0f3ce2b2dd1fdabf8256adf943fd2e.jpg	1.649785	3.890485499999999	6.1753	1.81278792625
../data/images/ef87d9a88e1c44e0e95cc82828f0f76c30c1f1e6.jpg	0.8470504999999999	3.0560534999999995	4.16107	1.06938881515
../data/images/277dcd101da5f7d7a8ffa6a3e09360decd3a94bd.jpg	0.09696085	2.686556	5.45953	0.5787198197000001
../data/images/df13e502c8937c380f28b61866be441aea1f166c.jpg	1.08188	3.751346499999997	5.78659	1.3361079105000002
../data/images/b6ecf4949b75dfd8e4a3131f651fbfc92832c883.jpg	1.723295	3.9034134999999988	5.48946	1.8874143129166667
../data/images/a45c1aa25dea16ed1dec34cfec9dfec57c04ba50.jpg	1.73508	3.3568175	4.79498	1.6168716143333335
../data/images/00fe14e9a4447e82c9f212c0e2352416ad7ca4d7.jpg	-0.06080275	2.4390790000000004	3.40682	0.5529712225666666
../data/images/ece2f54777ed8e2fc70a9a1d38816949dd7d1d8f.jpg	0.7837324999999999	1.7039079999999986	2.71943	0.806372896825
../data/images/03e7cddbe2edc7d75de8a80d12c5de2c98b98245.jpg	1.05684	4.5627405	5.91031	1.440380939
../data/images/7338fd7b4c70a21f1f653d8170182378db271040.jpg	0.478365	3.734755999999999	5.41062	0.8490110911000001
../data/images/2fa59324fd5ef7ffe60d8867f2b617d4f7049d75.jpg	1.4464000000000001	3.1388479999999994	4.12084	1.3606162799545454
../data/images/6bfd8a090335fafe58bec88a486d281c7bc205ce.jpg	0.384915	2.5137189999999974	4.0869	0.62249369875
../data/images/33d7689f704edbf503bd566f817fb34edbbc023a.jpg	0.6577014999999999	2.7435835	3.61307	0.8908940976933335
../data/images/f8a9d436522d6ad75a8af9edfd898e066e0c0b4d.jpg	1.427465	5.0103159999999995	7.91001	1.823815658625
../data/images/ce741205d2203eeb9f47d1cbf3e5d6ef0d861310.jpg	0.5770835	3.099401499999998	3.90013	0.9153295335833334
../data/images/59c32735e615bfb61ceb210f4ae42bb8b1dc0057.jpg	1.5986850000000001	3.4092345000000006	4.31845	1.6578772293437503
../data/images/d6dea644ab2c84ccf1081cb1da41b5fac3745552.jpg	1.05401	3.7598040000000004	5.19306	1.28920874478125
../data/images/a084c9745a05484d7df0737536ae17ce2aca0148.jpg	1.28282	3.9062490000000003	5.64602	1.4524270834666666
../data/images/7df5474c6f36451eca911713de7a69d26fb04a70.jpg	0.972731	3.149087999999998	4.3339	1.14843790225
../data/images/e33b68a4a930d468655355092671b0bcc342c790.jpg	1.01959	3.41214	4.69802	1.2906430477233333
../data/images/11e2f7783304b7f76e48c0dcc3013c3824ffd7fd.jpg	0.8222560000000001	3.5298260000000004	5.26435	1.1534588221562498
../data/images/8a99a4c8c87e6f80d699c9129eaa03e66a7fd5ee.jpg	1.518705	4.8934929999999985	6.6018	1.9124263423181818
../data/images/4cf7381c79d32882448d5982ab788924b888acc8.jpg	0.8503510000000001	3.2573200000000004	6.12231	1.0914624843333336
../data/images/61386b9e2fe79fe2c46877e7a361b05d0e917d5c.jpg	1.112865	2.563102	3.82799	1.2277609305333332
../data/images/73e795fa4f1e51e7e8a2e40eb03e552c60d08e47.jpg	1.206755	4.049294999999998	5.3277	1.4885510790909091
../data/images/f5f31690a1b0a2e24a25c302cb4041367503a540.jpg	0.734486	2.5736999999999974	3.41655	0.9025303090909093
../data/images/47c25b2a75c9f6881f3f4976f9d445d98cca146c.jpg	0.6836855	2.3620304999999995	3.73918	0.8036503759090909
../data/images/bcbf3d9dd7e58aac428b1695808162f694326c5f.jpg	1.4248500000000002	4.087462500000001	4.75221	1.5711788760333336
../data/images/72ef2695770f8aff8e67c19d224437484a4a2a16.jpg	0.8727015	2.3885055000000004	3.271	1.003444878868421
../data/images/74f9e9742ae01b0a4add7cd8384ecdce01033f2e.jpg	0.751216	2.5399124999999994	3.46617	0.8573933397250001
../data/images/d6c853373d37b939be6e1bccaf0e9e9f8a3ba355.jpg	0.9217519999999999	4.18157999999999	6.2172	1.28594253245
../data/images/c9502e30160c380c387f00e34a15ebce3eed259c.jpg	0.43649	2.6001969999999996	4.65561	0.7043842538
../data/images/3b3164f5d3cb0354f2b4646dc16345f6cde43832.jpg	0.33948449999999997	2.1945835	3.02469	0.5323740592957693
../data/images/55e53bd541ec8c19aac15c805c8f187349ac9a78.jpg	0.336322	3.4679585	6.85528	0.8526076055999998
../data/images/82af81fe2b1210ce75b9151c25a87da1f8905e30.jpg	1.5789849999999999	4.947646999999996	5.7608	1.9316655716750002
../data/images/e59c358f1506dc1e319be32dea067c86f35c69f8.jpg	0.6924445	4.107040499999999	7.15486	1.088008432846154
../data/images/bc355c201547547af865d84edb688cc62c8001d7.jpg	0.46958449999999996	3.5119800000000003	4.23342	0.8534597992666666
../data/images/03bebd49dd91e9358b656b3052eab932dc0157ac.jpg	1.2116099999999999	3.6266274999999957	5.61883	1.2079573785625
../data/images/d4a7cfed7ba83954a6681ab439d5c21881a5adaa.jpg	0.7433495	3.7883690000000008	5.24501	1.1127957383125
../data/images/60aba7fb0af78009a202845c6e0eeb3a1df62ee0.jpg	1.051855	3.0790815	4.38436	1.1469385789138888
../data/images/69905c7228d0507a85455c01843793c9fc5c73bd.jpg	0.7210730000000001	2.8135515000000004	3.84484	0.8810022801666666
../data/images/0e064edb79d292335dac51da4ce36008d74bd433.jpg	0.9288004999999999	3.545481999999999	4.09459	1.0766049203974999
../data/images/75f0074fb36fa60209566e55d1272cda6f983721.jpg	1.51877	3.25384	4.28537	1.5447049656333336
../data/images/ca9d545807dcc5b174f03f9be0a5629753af1199.jpg	0.9302625	3.5925280000000015	5.2521	1.2005978059666667
../data/images/4d7dae0f42fa1575c14b2e42aec693c0a2a8a2cf.jpg	0.5132435	2.1770605000000005	3.23292	0.6921879762366666
../data/images/735596de6a57a46cecab085e78191604234c2732.jpg	0.17989850000000002	2.589247	4.76148	0.4980127546666666
../data/images/4af920bb9958e4f3f99a5dd2de19a9d12f70b570.jpg	0.641597	3.385993500000002	4.59873	0.8768512097812501
../data/images/c7aef9c65a95f05a307e7c349174c7c846f5e4c9.jpg	1.228415	2.990181	3.79881	1.21538722125
../data/images/3aa57eadb935ee4398fe56d73818a0b6508b2044.jpg	0.6508585	3.2889835	4.08442	0.9555758675333333
../data/images/8416b7768352a47993d51acdf3ecb43bb2e4f2ba.jpg	0.511407	3.0260295000000017	5.91511	0.9320131482666667
../data/images/c00cf5547bbf0f10a110796d33a83ae574dec45e.jpg	0.628016	2.8900244999999987	4.39296	0.9017969175458335
../data/images/542f89162aa659dca60058b1fe4e8cf96f34cc4d.jpg	0.351674	3.177299499999997	5.10373	0.7327512875275
../data/images/0a35d695b894f6ccf9327c6f9ad28a83bfa0da28.jpg	1.473255	4.0222940000000005	5.67548	1.5913408029333334
../data/images/8070e738a4f325ed4d853499e7ad1fa11e9a8d48.jpg	0.869309	2.3396269999999983	3.75978	0.9496820366000001
../data/images/36a6cb3acc51fcab0934f00b518ca924d790a97b.jpg	1.020875	3.2877005000000015	6.21342	1.23566455075
../data/images/d9ca6e8a932ddc94159ef49cffb34120e53bbc38.jpg	0.1314795	2.9293965	4.70402	0.4663593431333334
../data/images/e2208207d553e7697e15b23ad55fd7be25bd8286.jpg	1.1966	3.4174144999999987	4.57931	1.3055930166499998
../data/images/1c87f5479365fdd49b6f91c30cc7aa5049742b71.jpg	1.579575	3.897210999999998	5.29799	1.7455736304999998
../data/images/11203674e0b27e131b40bf93be012e357a8137e5.jpg	0.7031689999999999	2.358625	3.08505	0.7977937929374999
../data/images/e7f2ad4e3eeb350f56f9f9e9d448150779b86dc7.jpg	0.7907139999999999	3.4657855000000004	4.6269	1.054166261888889
../data/images/eba24b08f7c8e63c3c38e265b2619aeba1b8479d.jpg	1.2897150000000002	3.439606000000001	4.25	1.4523781349533333
../data/images/8dee3c9f51ab0181f38594033a3383d4a942fcc3.jpg	0.48359399999999997	2.8018650000000007	4.99648	0.8179291348
../data/images/f0ff679a91a0dfa999644fda067afe25a6ea603b.jpg	1.015005	2.8578714999999995	4.46171	1.106301693375
../data/images/782e52f858f5652736ffd75ef82a4c95072ab383.jpg	0.973365	3.956473999999999	4.93994	1.2183357255
../data/images/f006ab96f86134c1f8aa494c9a4026cf897798b3.jpg	0.9146209999999999	3.3363509999999996	4.24427	1.100828952590909
../data/images/23d2e4c11775fbc0aa6c0c54cbdea536dc9bcaa2.jpg	1.315125	2.7147660000000013	4.56737	1.3642256663999999
../data/images/7609224112ce163393bf4492d8c926490d9c13c2.jpg	1.8015949999999998	5.240017500000001	7.94435	2.2234116243333335
../data/images/c8f520554c6c5fc97ced026087e95f6053e884b6.jpg	1.39716	3.8113884999999996	5.7407	1.48959202875
../data/images/e98d560e1fa010ac75f509bac8dcaecfda94f7f9.jpg	0.44077	2.5141945000000003	3.70687	0.57089515725
../data/images/5dd605e5f12af0a28edb9aedc9d4afdf2be01d61.jpg	0.7344299999999999	2.6940885000000003	4.92525	0.9550045127666665
../data/images/002c3bbe649a304f3845f36811f6724ff8d72c48.jpg	2.206995	3.6432225	4.3667	2.198808609090909
../data/images/9a11baf22c4aa3c3d17ce12c2f5f6710b4345547.jpg	0.02980415	2.28002849999999	3.95794	0.38612946290250005
../data/images/145263383f59f19fe7643c2aba34027683ffcf74.jpg	1.50149	3.599767499999999	4.47574	1.6580449603846152
../data/images/401de8930eb886de2535a2adccba6668dbdb1149.jpg	0.6299669999999999	2.6100015	3.53731	0.8545490955357142
../data/images/b4c65b584d0ba156b8142aea607d1f5b2e5e66a5.jpg	0.5621240000000001	2.7831875000000013	4.37201	0.7744907104
../data/images/aa244262bb7e66953ec576537bbc71cfec78103b.jpg	1.19226	2.9571534999999995	5.34045	1.267999995255
../data/images/9a4007c2182e35493db02ba78951b8a06abd739d.jpg	0.6350055	3.3196064999999937	4.85975	0.93595214211
../data/images/ea5cab01862abe4105a7d76663b2c430608829c0.jpg	1.13403	4.2026555	6.17799	1.4530752399166669
../data/images/a3e005241dddf0144c00bdf7fae2df67638d1a01.jpg	1.2003	4.261299500000001	7.5254	1.3046160346733333
../data/images/b53b1a83f3e6040dc8bd4cb7f23562faf9b7976b.jpg	1.21042	2.593951499999999	3.81852	1.3045001043000002
../data/images/f700250c2a74a126be4e816fde293cded39c18e9.jpg	0.7497885	2.4627044999999947	3.91203	0.84066912535
../data/images/1350017930dba99fbf88592a25dd966bbb70e8a6.jpg	1.900555	4.102640500000001	4.49753	1.8707968806666668
../data/images/0f861be02a89814b2afbd9c5492d164da5f75478.jpg	0.797444	2.5114645000000007	3.00839	0.8203847014333334
../data/images/f3fbfbe4d7f728d392e16fdb312b6036e98cd277.jpg	0.2607475	4.156780500000001	5.77774	0.8128165651333334
../data/images/60ff8088512d33ff6b6262a48be522891ca2eef8.jpg	0.4161315	3.227657	5.50454	0.8529612361666666
../data/images/b46e580edf1fc6d50611658566dcd3222ce16393.jpg	1.104565	2.7909965000000008	3.79176	1.2084263058666667
../data/images/6736a3b8f092f1b6abee4de0359216fadc294901.jpg	0.7739955000000001	3.167732499999998	5.48526	1.0244393264166665
../data/images/fde8941903570b1624c6cea1f5ae2075bffb32c2.jpg	1.04974	3.2355440000000013	4.81624	1.110209186
../data/images/8ee88bec5645a1ecad1811861c4fad6602854c35.jpg	1.152025	2.778043499999997	3.52645	1.2292712995416666
../data/images/811b3fa9d7c2aa00102c3b697fc95b73ef7171a1.jpg	0.721241	3.3276325000000004	5.32423	1.0250286911375
../data/images/a8935903810d2139b37066734787e7570e5d63cf.jpg	1.0896949999999999	3.550078000000001	4.88579	1.28091914790625
../data/images/296a67d5a6a93bc655398c61108cdce1f7aa483c.jpg	-0.08598629999999999	2.1153725	4.55677	0.24592732750000001
../data/images/3ebb9db0e5ff974075d85de6ae8cb7a81eb220a2.jpg	0.321245	2.8939555000000006	4.22035	0.6870382644166666
../data/images/019ccc125249809c201ca48da06e463a54fbeb31.jpg	0.3895725	1.8716625000000005	3.8288	0.5189827461812501
../data/images/ff201e9b6bea7102113d6538476e86d1e88c6946.jpg	0.5519095	3.6549495000000003	5.34665	0.9293233321676666
../data/images/c5b2c7d1df9c4a64ac2a19116b470891a0432e74.jpg	0.767757	3.701976	5.94901	1.0531941803
../data/images/5323c5b9c0ab7bc7345c43d8f03f7d580e3e76d8.jpg	1.2509700000000001	3.7304945000000007	6.29483	1.3765028288666665
../data/images/dbfdeaaab13c4edd5c8d1fd976a8cd15ead9c2cb.jpg	0.9449875000000001	2.919404	4.72116	1.1285968562666664
../data/images/fc812cff041cb386d679db70b33fde67e212e802.png	-0.18613800000000003	1.1468250000000004	2.02708	-0.038945132093750015
../data/images/5c6550ae73a3186795adaf325bb5ec919b13b131.jpg	0.7835099999999999	2.5111264999999996	3.12799	0.8851046557500001
../data/images/5f7e0c8e77082a894ca6f65f8f4b01f5f5e8dc41.jpg	-0.145959	3.2743250000000006	6.01437	0.3985116383166667
../data/images/e95a59cac96bcbcff0df94047ed7217f4484fc5c.jpg	1.099345	3.9611040000000006	6.26395	1.461870931482
../data/images/a9042df10fb254259e8feedf044a1464d2c4c2be.jpg	1.746165	3.7015474999999993	4.33819	1.7102063542653847
../data/images/3a02b84a6319035e41e69276854a2e49ae0a379a.jpg	1.844995	3.633508	5.82414	1.92810324921875
../data/images/a7d5eb5b353bedc47fc845ebf4a62d1130828569.jpg	-0.0028907445000000004	2.7091270000000027	5.50565	0.38391989847
../data/images/3b1ac9f7ce687d513b164954f74e9b85500fa6da.jpg	1.04657	3.7113784999999995	5.01958	1.3009533645833333
../data/images/4f59e0ea729c2be51af5a985a70f00e405bdd077.jpg	1.2060499999999998	3.8199219999999987	5.2553	1.299793299375
../data/images/ab9051cfa0b61bdacaa33c0d3068255708890df3.jpg	1.01071	2.74919	3.99767	1.1180857580999999
../data/images/5b72946a8f0a645ec1c359f6122f0d55347836cc.jpg	1.293835	2.465823	3.22283	1.2574933784666666
../data/images/223b9608525c9c4b8291cfa7fe15d2989f543473.jpg	0.7673865	3.306108500000001	5.17734	1.0473715845625002
../data/images/900efaf0e2309ea0ba67fee1f3892981e6c07b2f.jpg	0.3890265	1.7041695000000003	2.34711	0.48791752918666664
../data/images/5409bcc9fa7dd95839b74897f921a4b37651bcd4.jpg	0.6975305	2.894157	3.47889	1.0287426908333333
